{
    "interactionModel": {
        "languageModel": {
            "invocationName": "ステルスインベーダー",
            "intents": [
                {
                    "name": "AMAZON.CancelIntent",
                    "samples": [
                        "ここまで",
                        "やめて",
                        "ステルスインベーダーをキャンセル",
                        "終了",
                        "終わり"
                    ]
                },
                {
                    "name": "AMAZON.HelpIntent",
                    "samples": [
                        "ヘルプ"
                    ]
                },
                {
                    "name": "AMAZON.StopIntent",
                    "samples": [
                        "止めて"
                    ]
                },
                {
                    "name": "YesIntent",
                    "slots": [],
                    "samples": [
                        "いぇす",
                        "もちろんだ",
                        "うん",
                        "わかった",
                        "はい"
                    ]
                },
                {
                    "name": "NoIntent",
                    "slots": [],
                    "samples": [
                        "いいえ"
                    ]
                },
                {
                    "name": "LaunchRequest",
                    "slots": [],
                    "samples": [
                        "ステルスインベーダーを起動",
                        "ステルスインベーダーを開いて",
                        "ステルスインベーダー"
                    ]
                },
                {
                    "name": "MoveIntent",
                    "slots": [
                        {
                            "name": "Direction",
                            "type": "Direction"
                        }
                    ],
                    "samples": [
                        "{Direction} の方向へ展開",
                        "{Direction} の方角へ",
                        "{Direction} へ",
                        "{Direction} の方へ",
                        "{Direction} の方向へ"
                    ]
                },
                {
                    "name": "FireIntent",
                    "slots": [],
                    "samples": [
                        "発射",
                        "ファイア",
                        "撃て",
                        "打て"
                    ]
                },
                {
                    "name": "HintIntent",
                    "slots": [],
                    "samples": [
                        "敵の位置を教えて",
                        "ヒントを教えて",
                        "ヒント"
                    ]
                },
                {
                    "name": "MyPositionIntent",
                    "slots": [],
                    "samples": [
                        "今どこ",
                        "どっち向いてる",
                        "今の位置は",
                        "現在位置は"
                    ]
                }
            ],
            "types": [
                {
                    "name": "Direction",
                    "values": [
                        {
                            "id": "12",
                            "name": {
                                "value": "12時"
                            }
                        },
                        {
                            "id": "11",
                            "name": {
                                "value": "11時"
                            }
                        },
                        {
                            "id": "10",
                            "name": {
                                "value": "10時"
                            }
                        },
                        {
                            "id": "9",
                            "name": {
                                "value": "9時",
                                "synonyms": [
                                    "クジ"
                                ]
                            }
                        },
                        {
                            "id": "8",
                            "name": {
                                "value": "8時"
                            }
                        },
                        {
                            "id": "7",
                            "name": {
                                "value": "7時",
                                "synonyms": [
                                    "シチジ",
                                    "ナナジ"
                                ]
                            }
                        },
                        {
                            "id": "6",
                            "name": {
                                "value": "6時"
                            }
                        },
                        {
                            "id": "5",
                            "name": {
                                "value": "5時"
                            }
                        },
                        {
                            "id": "4",
                            "name": {
                                "value": "4時",
                                "synonyms": [
                                    "ヨジ",
                                    "ヨンジ"
                                ]
                            }
                        },
                        {
                            "id": "3",
                            "name": {
                                "value": "3時"
                            }
                        },
                        {
                            "id": "2",
                            "name": {
                                "value": "2時"
                            }
                        },
                        {
                            "id": "1",
                            "name": {
                                "value": "1時"
                            }
                        }
                    ]
                }
            ]
        }
    }
}